baseline,ci_high,ci_low,direction,effect_dz,exact_sign_flip_p,holm_p_12_endpoint_family,mean_dap_minus_baseline,metric,n_pairs,profile,std,ties,wins_negative,wins_positive
hpa,0.031132605747228384,0.002801806302941305,higher,0.6758478031253243,0.05078125,0.146484375,0.01637013914141654,completion_rate,10,azure_http,0.024221635500945735,0,2,8
hpa,-0.11110080371532885,-0.3595743442005251,lower,-1.1485182641369212,0.009765625,0.068359375,-0.24528069202498334,slo_violation_rate,10,azure_http,0.21356272658781342,0,8,2
hpa,-29.46626510488568,-43.44956331292517,lower,-3.0485137232702924,0.001953125,0.0234375,-35.95982428055722,ready_replica_seconds,10,azure_http,11.79585448675013,0,10,0
keda,0.02153704662658416,0.004174758635387571,higher,0.883817934804302,0.029296875,0.146484375,0.013367330943805811,completion_rate,10,azure_http,0.015124530084089831,0,2,8
keda,0.017803148594485594,-0.09832759579981258,lower,-0.4140507699667427,0.22265625,0.22265625,-0.041089765351293,slo_violation_rate,10,azure_http,0.09923847105656489,0,6,4
keda,-54.28435388647865,-86.43903190109909,lower,-2.561130913663808,0.001953125,0.0234375,-71.21163919410901,ready_replica_seconds,10,azure_http,27.804763440318517,0,10,0
hpa,0.22677405354349062,0.06761526374925174,higher,1.0723611820459236,0.0078125,0.0625,0.145774747949661,completion_rate,10,gentd_inference,0.13593810592019195,0,2,8
hpa,-0.04329103009249915,-0.2239340724739934,lower,-0.8528934908018103,0.0390625,0.146484375,-0.1311672548114154,slo_violation_rate,10,gentd_inference,0.15379089678372884,0,7,3
hpa,152.61517155031,104.14785177378886,lower,3.1776219654925986,0.001953125,0.0234375,130.7004380523227,ready_replica_seconds,10,gentd_inference,41.13152523228526,0,0,10
keda,0.17042958598657432,0.03916055554681641,higher,0.8796652468110449,0.03125,0.146484375,0.09959777869879848,completion_rate,10,gentd_inference,0.11322236391611414,2,2,6
keda,-0.07887805430995899,-0.27233212228476317,lower,-1.0602503484064927,0.0234375,0.140625,-0.1750154931370089,slo_violation_rate,10,gentd_inference,0.1650699699368636,1,7,2
keda,188.57819952766027,145.05911366044748,lower,4.506107626196451,0.001953125,0.0234375,167.35244392745662,ready_replica_seconds,10,gentd_inference,37.13902503227973,0,0,10
