baseline,baseline_value,dap,dap_minus_baseline,metric,profile,seed
hpa,0.9811352069041823,0.9999170170391679,0.018781810134985588,completion_rate,azure_http,2026080921
hpa,0.9607627328508929,0.9800786946592192,0.019315961808326287,completion_rate,azure_http,2026080922
hpa,0.9650204070452242,0.9685813679568301,0.0035609609116059593,completion_rate,azure_http,2026080923
hpa,0.9520940205737861,0.9777705398583177,0.02567651928453163,completion_rate,azure_http,2026080924
hpa,0.9543548516332363,0.9445794717021447,-0.009775379931091566,completion_rate,azure_http,2026080925
hpa,0.9602856460219279,0.973665348164273,0.013379702142345073,completion_rate,azure_http,2026080926
hpa,0.9616070959953813,0.9840969925995906,0.022489896604209303,completion_rate,azure_http,2026080927
hpa,0.9568068863042476,0.9342368191832762,-0.022570067120971427,completion_rate,azure_http,2026080928
hpa,0.9146507335082095,0.9391333916253765,0.02448265811716699,completion_rate,azure_http,2026080929
hpa,0.8831689631857499,0.9515282926488074,0.06835932946305756,completion_rate,azure_http,2026080930
hpa,0.22958619163531754,0.33760234565169284,0.1080161540163753,slo_violation_rate,azure_http,2026080921
hpa,0.7536251822909501,0.4149079602674518,-0.3387172220234983,slo_violation_rate,azure_http,2026080922
hpa,0.6634344098392089,0.2312159311912784,-0.4322184786479305,slo_violation_rate,azure_http,2026080923
hpa,0.796324946394159,0.43166951659745406,-0.3646554297967049,slo_violation_rate,azure_http,2026080924
hpa,0.8104217301888305,0.3995352688229481,-0.41088646136588236,slo_violation_rate,azure_http,2026080925
hpa,0.2451883511640872,0.39568345323741005,0.15049510207332287,slo_violation_rate,azure_http,2026080926
hpa,0.6042355534561487,0.17695376056264106,-0.4272817928935076,slo_violation_rate,azure_http,2026080927
hpa,0.5715786237638981,0.2823948352718143,-0.2891837884920838,slo_violation_rate,azure_http,2026080928
hpa,0.7550519770717964,0.4686923151656466,-0.2863596619061498,slo_violation_rate,azure_http,2026080929
hpa,0.7280082068499218,0.5659928656361475,-0.16201534121377437,slo_violation_rate,azure_http,2026080930
hpa,84.69119323417544,44.45980699849315,-40.231386235682294,ready_replica_seconds,azure_http,2026080921
hpa,84.90646278997883,43.927705165115185,-40.97875762486365,ready_replica_seconds,azure_http,2026080922
hpa,83.0225056221243,21.78306440473534,-61.23944121738896,ready_replica_seconds,azure_http,2026080923
hpa,84.58099290612154,56.37676282634493,-28.204230079776607,ready_replica_seconds,azure_http,2026080924
hpa,85.10429598414339,63.035854256129824,-22.068441728013568,ready_replica_seconds,azure_http,2026080925
hpa,83.1536492521409,46.69601827405859,-36.45763097808231,ready_replica_seconds,azure_http,2026080926
hpa,82.87302717799321,38.68798697378952,-44.18504020420369,ready_replica_seconds,azure_http,2026080927
hpa,84.32427049381658,47.73606394021772,-36.588206553598866,ready_replica_seconds,azure_http,2026080928
hpa,85.3550798301585,60.15140645601787,-25.203673374140635,ready_replica_seconds,azure_http,2026080929
hpa,85.30518064810894,60.86374583828729,-24.441434809821658,ready_replica_seconds,azure_http,2026080930
keda,0.9756859924762116,0.9999170170391679,0.024231024562956338,completion_rate,azure_http,2026080921
keda,0.9571306716561648,0.9800786946592192,0.02294802300305432,completion_rate,azure_http,2026080922
keda,0.9617059741967294,0.9685813679568301,0.006875393760100712,completion_rate,azure_http,2026080923
keda,0.9610238037076242,0.9777705398583177,0.016746736150693553,completion_rate,azure_http,2026080924
keda,0.9350177612777436,0.9445794717021447,0.009561710424401126,completion_rate,azure_http,2026080925
keda,0.9518436910987815,0.973665348164273,0.02182165706549144,completion_rate,azure_http,2026080926
keda,0.9548365086862961,0.9840969925995906,0.0292604839132945,completion_rate,azure_http,2026080927
keda,0.9484039555259517,0.9342368191832762,-0.014167136342675524,completion_rate,azure_http,2026080928
keda,0.9488973088506752,0.9391333916253765,-0.00976391722529879,completion_rate,azure_http,2026080929
keda,0.925368958522767,0.9515282926488074,0.026159334126040434,completion_rate,azure_http,2026080930
keda,0.439450099579553,0.33760234565169284,-0.10184775392786016,slo_violation_rate,azure_http,2026080921
keda,0.31343037173596017,0.4149079602674518,0.10147758853149164,slo_violation_rate,azure_http,2026080922
keda,0.4192072753170625,0.2312159311912784,-0.18799134412578408,slo_violation_rate,azure_http,2026080923
keda,0.4104443177808539,0.43166951659745406,0.021225198816600177,slo_violation_rate,azure_http,2026080924
keda,0.37931679175235705,0.3995352688229481,0.020218477070591045,slo_violation_rate,azure_http,2026080925
keda,0.48270461121877406,0.39568345323741005,-0.087021157981364,slo_violation_rate,azure_http,2026080926
keda,0.3401826484018265,0.17695376056264106,-0.16322888783918543,slo_violation_rate,azure_http,2026080927
keda,0.32978941435671466,0.2823948352718143,-0.04739457908490036,slo_violation_rate,azure_http,2026080928
keda,0.5280773341105606,0.4686923151656466,-0.05938501894491399,slo_violation_rate,azure_http,2026080929
keda,0.4729430416637523,0.5659928656361475,0.0930498239723952,slo_violation_rate,azure_http,2026080930
keda,106.29828184982762,44.45980699849315,-61.83847485133447,ready_replica_seconds,azure_http,2026080921
keda,52.72983580175787,43.927705165115185,-8.802130636642687,ready_replica_seconds,azure_http,2026080922
keda,134.9882075637579,21.78306440473534,-113.20514315902255,ready_replica_seconds,azure_http,2026080923
keda,121.5956088041421,56.37676282634493,-65.21884597779717,ready_replica_seconds,azure_http,2026080924
keda,123.67812589299865,63.035854256129824,-60.64227163686883,ready_replica_seconds,azure_http,2026080925
keda,125.14849536190741,46.69601827405859,-78.45247708784882,ready_replica_seconds,azure_http,2026080926
keda,110.05183563800529,38.68798697378952,-71.36384866421577,ready_replica_seconds,azure_http,2026080927
keda,150.25324648001697,47.73606394021772,-102.51718253979925,ready_replica_seconds,azure_http,2026080928
keda,134.11954767396674,60.15140645601787,-73.96814121794887,ready_replica_seconds,azure_http,2026080929
keda,136.971622007899,60.86374583828729,-76.1078761696117,ready_replica_seconds,azure_http,2026080930
hpa,1.0,0.9987937273823885,-0.0012062726176115257,completion_rate,gentd_inference,2026080921
hpa,0.9921875,1.0,0.0078125,completion_rate,gentd_inference,2026080922
hpa,0.9956553222302679,0.9927588703837799,-0.002896451846488013,completion_rate,gentd_inference,2026080923
hpa,0.9896729776247849,0.9994262765347103,0.009753298909925379,completion_rate,gentd_inference,2026080924
hpa,0.8857768052516412,0.9956236323851203,0.10984682713347915,completion_rate,gentd_inference,2026080925
hpa,0.8108882521489972,0.9961795606494747,0.18529130850047748,completion_rate,gentd_inference,2026080926
hpa,0.7312831777411679,0.9840746842394289,0.252791506498261,completion_rate,gentd_inference,2026080927
hpa,0.6111191544809613,0.8976400752859418,0.2865209208049805,completion_rate,gentd_inference,2026080928
hpa,0.6089144500359454,0.901509705248023,0.29259525521207763,completion_rate,gentd_inference,2026080929
hpa,0.6397408644599656,0.9569794513614739,0.3172385869015083,completion_rate,gentd_inference,2026080930
hpa,0.0,0.0012062726176115801,0.0012062726176115801,slo_violation_rate,gentd_inference,2026080921
hpa,0.0068359375,0.0,-0.0068359375,slo_violation_rate,gentd_inference,2026080922
hpa,0.003620564808110065,0.005792903692976104,0.0021723388848660387,slo_violation_rate,gentd_inference,2026080923
hpa,0.0068846815834767644,0.0005737234652897303,-0.006310958118187034,slo_violation_rate,gentd_inference,2026080924
hpa,0.15842450765864333,0.1824945295404814,0.024070021881838072,slo_violation_rate,gentd_inference,2026080925
hpa,0.2523877745940783,0.02268385864374403,-0.22970391595033426,slo_violation_rate,gentd_inference,2026080926
hpa,0.47464762950759654,0.052535237049240346,-0.4221123924583562,slo_violation_rate,gentd_inference,2026080927
hpa,0.3965542203561604,0.1388446503547126,-0.2577095700014478,slo_violation_rate,gentd_inference,2026080928
hpa,0.35657800143781454,0.15756050802779775,-0.1990174934100168,slo_violation_rate,gentd_inference,2026080929
hpa,0.3456827614130985,0.12825184735297096,-0.21743091406012754,slo_violation_rate,gentd_inference,2026080930
hpa,41.36481131997425,202.79428758192807,161.42947626195382,ready_replica_seconds,gentd_inference,2026080921
hpa,111.84482840402052,216.5306244090898,104.68579600506928,ready_replica_seconds,gentd_inference,2026080922
hpa,138.7816409340594,179.83845839416608,41.056817460106686,ready_replica_seconds,gentd_inference,2026080923
hpa,109.1007570498623,199.89819206099492,90.79743501113262,ready_replica_seconds,gentd_inference,2026080924
hpa,83.18625433393754,220.3149945429759,137.12874020903837,ready_replica_seconds,gentd_inference,2026080925
hpa,114.33030043903273,252.68464896187652,138.3543485228438,ready_replica_seconds,gentd_inference,2026080926
hpa,83.35450870567001,249.76743256603368,166.41292386036366,ready_replica_seconds,gentd_inference,2026080927
hpa,83.70751098613255,250.86408507474698,167.15657408861443,ready_replica_seconds,gentd_inference,2026080928
hpa,114.44963154592551,248.1871710740961,133.7375395281706,ready_replica_seconds,gentd_inference,2026080929
hpa,84.52892449800856,250.77365407394245,166.2447295759339,ready_replica_seconds,gentd_inference,2026080930
keda,1.0,0.9987937273823885,-0.0012062726176115257,completion_rate,gentd_inference,2026080921
keda,1.0,1.0,0.0,completion_rate,gentd_inference,2026080922
keda,0.9927588703837799,0.9927588703837799,0.0,completion_rate,gentd_inference,2026080923
keda,1.0,0.9994262765347103,-0.0005737234652897216,completion_rate,gentd_inference,2026080924
keda,0.7807439824945296,0.9956236323851203,0.21487964989059072,completion_rate,gentd_inference,2026080925
keda,0.8901623686723973,0.9961795606494747,0.10601719197707737,completion_rate,gentd_inference,2026080926
keda,0.842943437671609,0.9840746842394289,0.14113124656781995,completion_rate,gentd_inference,2026080927
keda,0.8065730418416099,0.8976400752859418,0.09106703344433187,completion_rate,gentd_inference,2026080928
keda,0.8018212317277738,0.901509705248023,0.09968847352024923,completion_rate,gentd_inference,2026080929
keda,0.612005263690657,0.9569794513614739,0.3449741876708169,completion_rate,gentd_inference,2026080930
keda,0.0,0.0012062726176115801,0.0012062726176115801,slo_violation_rate,gentd_inference,2026080921
keda,0.0,0.0,0.0,slo_violation_rate,gentd_inference,2026080922
keda,0.0065170166545981175,0.005792903692976104,-0.0007241129616220136,slo_violation_rate,gentd_inference,2026080923
keda,0.0,0.0005737234652897303,0.0005737234652897303,slo_violation_rate,gentd_inference,2026080924
keda,0.3518599562363239,0.1824945295404814,-0.16936542669584248,slo_violation_rate,gentd_inference,2026080925
keda,0.46155682903533907,0.02268385864374403,-0.438872970391595,slo_violation_rate,gentd_inference,2026080926
keda,0.385502471169687,0.052535237049240346,-0.33296723412044665,slo_violation_rate,gentd_inference,2026080927
keda,0.3991602721876357,0.1388446503547126,-0.2603156218329231,slo_violation_rate,gentd_inference,2026080928
keda,0.41612748622094414,0.15756050802779775,-0.2585669781931464,slo_violation_rate,gentd_inference,2026080929
keda,0.41937443061038565,0.12825184735297096,-0.2911225832574147,slo_violation_rate,gentd_inference,2026080930
keda,0.0,202.79428758192807,202.79428758192807,ready_replica_seconds,gentd_inference,2026080921
keda,0.0,216.5306244090898,216.5306244090898,ready_replica_seconds,gentd_inference,2026080922
keda,0.0,179.83845839416608,179.83845839416608,ready_replica_seconds,gentd_inference,2026080923
keda,0.0,199.89819206099492,199.89819206099492,ready_replica_seconds,gentd_inference,2026080924
keda,26.48667318606749,220.3149945429759,193.82832135690842,ready_replica_seconds,gentd_inference,2026080925
keda,145.45432465919293,252.68464896187652,107.23032430268358,ready_replica_seconds,gentd_inference,2026080926
keda,107.42297158017755,249.76743256603368,142.34446098585613,ready_replica_seconds,gentd_inference,2026080927
keda,110.6302408860065,250.86408507474698,140.23384418874048,ready_replica_seconds,gentd_inference,2026080928
keda,123.80846541794017,248.1871710740961,124.37870565615594,ready_replica_seconds,gentd_inference,2026080929
keda,84.32643373589963,250.77365407394245,166.44722033804283,ready_replica_seconds,gentd_inference,2026080930
