budget_seconds,budget_violation_seconds,completed_requests,completion_rate,controller_api_seconds,controller_deadline_misses,controller_inference_seconds,controller_loop_seconds,controller_state_collection_seconds,estimated_cpu_seconds,failed_requests,failure_rate,final_queue,final_ready_replicas,matrix_row_id,mean_latency_seconds,mean_replicas,method,metric_missing_rate,monitor_failures,monitor_samples,p95_latency_seconds,p99_latency_seconds,peak_replicas,plan_sha256,profile,queue_area,ready_replica_seconds,requested_replica_seconds,run_id,run_status,scaling_count,seed,slo_seconds,slo_violation_rate,throughput_rps,timeout_rate,timeout_requests,total_requests,unused_budget_seconds
256.0,0.0,36149,0.9999170170391679,0.040884095997171244,0,0.0010261382449243683,0.23446329088619677,0.15320146623344044,164.95999999999998,3,8.298296083204248e-05,0.0,2.0,native_v1__azure_http__seed2026080921__dap_repaired,0.2284233406802758,1.2778693149890872,dap_repaired,0.0,0,161,0.8007773399585855,0.9923521204851562,3.0,sha256:6535757005f93da0e6816a5a193707a5f43b1d685a62f0e4e0e9187f7266db9c,azure_http,4476.041184902191,44.45980699849315,64.43708163290285,native_v1__azure_http__seed2026080921__dap_repaired__attempt3,completed,22,2026080921,0.25,0.33760234565169284,225.92760845500197,0.0,0,36152,211.54019300150685
256.0,0.0,35470,0.9811352069041823,nan,0,nan,5.010571165046713,nan,156.27,682,0.018864793095817657,0.0,1.0,native_v1__azure_http__seed2026080921__hpa,0.13986055400535452,1.4993090464837566,hpa,0.0,0,170,0.49251223902101515,0.6600285712524783,5.0,sha256:6535757005f93da0e6816a5a193707a5f43b1d685a62f0e4e0e9187f7266db9c,azure_http,2007.004100561142,84.69119323417544,89.79693173617125,native_v1__azure_http__seed2026080921__hpa__attempt2,completed,3,2026080921,0.25,0.22958619163531754,209.11845969401372,0.017841336578889134,645,36152,171.30880676582456
256.0,0.0,35273,0.9756859924762116,nan,0,nan,5.018183992870036,nan,158.67999999999995,879,0.02431400752378845,0.0,1.0,native_v1__azure_http__seed2026080921__keda,0.31071441526260635,1.637657286713079,keda,0.0,0,139,1.00405667682644,1.1566198255307971,3.0,sha256:6535757005f93da0e6816a5a193707a5f43b1d685a62f0e4e0e9187f7266db9c,azure_http,7145.491907000542,106.29828184982762,120.6551824179478,native_v1__azure_http__seed2026080921__keda__attempt2,completed,8,2026080921,0.25,0.439450099579553,211.59406420139527,0.022488382385483514,813,36152,149.70171815017238
256.0,0.0,35619,0.9800786946592192,0.04159530455217464,0,0.0009590232111804653,0.2339883526910853,0.15333178198125097,161.92000000000007,724,0.019921305340780893,0.0,3.0,native_v1__azure_http__seed2026080922__dap_repaired,0.27601403172106254,1.2745507127021625,dap_repaired,0.0,0,161,0.876089131028857,1.1818620574427767,3.0,sha256:d6edbe3004b0a57b9d5dc86a001ad4bbc5835e42f27cefb6d9978198de86b2c2,azure_http,5402.002001881599,43.927705165115185,59.334265180514194,native_v1__azure_http__seed2026080922__dap_repaired__attempt2,completed,18,2026080922,0.25,0.4149079602674518,222.62082207527683,0.019591117959441982,712,36343,212.07229483488481
256.0,0.0,34917,0.9607627328508929,nan,0,nan,5.01073280487617,nan,161.69,1426,0.039237267149107115,0.0,1.0,native_v1__azure_http__seed2026080922__hpa,0.7350798976204613,1.5016122926065067,hpa,0.0,0,170,1.3234978014137593,1.3958827178366482,5.0,sha256:d6edbe3004b0a57b9d5dc86a001ad4bbc5835e42f27cefb6d9978198de86b2c2,azure_http,20601.000935792923,84.90646278997883,90.12551501230337,native_v1__azure_http__seed2026080922__hpa__attempt2,completed,3,2026080922,0.25,0.7536251822909501,206.28343055893492,0.030569848388960735,1111,36343,171.09353721002117
256.0,0.0,34785,0.9571306716561648,nan,0,nan,5.005111299440614,nan,159.12000000000006,1558,0.042869328343835125,0.0,1.0,native_v1__azure_http__seed2026080922__keda,0.21037110116427013,1.3294237335324413,keda,0.0,0,161,0.875698399590328,1.3034338465239845,3.0,sha256:d6edbe3004b0a57b9d5dc86a001ad4bbc5835e42f27cefb6d9978198de86b2c2,azure_http,3648.9908006191254,52.72983580175787,59.44357671588659,native_v1__azure_http__seed2026080922__keda__attempt2,completed,4,2026080922,0.25,0.31343037173596017,217.31538505082838,0.04113584459180585,1495,36343,203.27016419824213
256.0,0.0,35360,0.9685813679568301,0.042007496711448766,0,0.0009232427037204616,0.2332234421846806,0.1479393426598108,156.91,1147,0.0314186320431698,0.0,2.0,native_v1__azure_http__seed2026080923__dap_repaired,0.1873896113399056,1.1361490661868092,dap_repaired,0.0,0,161,0.7054179749102308,0.9470422169391529,3.0,sha256:50d540a82af74f242919e664fd7130241367b1d18f65899cf813fe49875c1ffc,azure_http,2773.996673822403,21.78306440473534,34.56964554602746,native_v1__azure_http__seed2026080923__dap_repaired__attempt2,completed,10,2026080923,0.25,0.2312159311912784,221.007976238597,0.030843399895910374,1126,36507,234.21693559526466
256.0,0.0,35230,0.9650204070452242,nan,0,nan,5.004645479504688,nan,165.39,1277,0.0349795929547758,0.0,1.0,native_v1__azure_http__seed2026080923__hpa,0.6741722453981283,1.4979028775210623,hpa,0.0,0,167,1.3663234338571781,1.485001785237109,5.0,sha256:50d540a82af74f242919e664fd7130241367b1d18f65899cf813fe49875c1ffc,azure_http,18737.010907292366,83.0225056221243,90.36557632428594,native_v1__azure_http__seed2026080923__hpa__attempt2,completed,3,2026080923,0.25,0.6634344098392089,211.281486190084,0.02237926972909305,817,36507,172.9774943778757
256.0,0.0,35109,0.9617059741967294,nan,0,nan,5.0043852441776835,nan,167.2,1398,0.038294025803270605,0.0,1.0,native_v1__azure_http__seed2026080923__keda,0.24464408893967074,1.7991363327374474,keda,0.0,0,169,0.7484515837859361,0.8867864136351266,3.0,sha256:50d540a82af74f242919e664fd7130241367b1d18f65899cf813fe49875c1ffc,azure_http,5191.990641713142,134.9882075637579,149.45665172394365,native_v1__azure_http__seed2026080923__keda__attempt2,completed,10,2026080923,0.25,0.4192072753170625,207.84687797878317,0.0353356890459364,1290,36507,121.0117924362421
256.0,0.0,36024,0.9777705398583177,0.042681889801315265,0,0.0009958901282516308,0.24029888102813857,0.15837430743704317,163.49000000000007,819,0.022229460141682273,0.0,3.0,native_v1__azure_http__seed2026080924__dap_repaired,0.255046377155097,1.3523167992540674,dap_repaired,0.0,0,161,0.8022550470370329,1.2186223500291817,5.0,sha256:1a9808c75bd3354995fd565a46e7cfdfe641c8923d901c13d6a331ad3255e79e,azure_http,5040.030589342117,56.37676282634493,79.52772810624447,native_v1__azure_http__seed2026080924__dap_repaired__attempt2,completed,22,2026080924,0.25,0.43166951659745406,225.12573869171507,0.021198056618624977,781,36843,199.62323717365507
256.0,0.0,35078,0.9520940205737861,nan,0,nan,5.015993611224985,nan,168.96999999999994,1765,0.047905979426213934,0.0,1.0,native_v1__azure_http__seed2026080924__hpa,0.9421233066789548,1.5001262139932972,hpa,0.0,0,170,1.366993645450566,1.413353177071549,5.0,sha256:1a9808c75bd3354995fd565a46e7cfdfe641c8923d901c13d6a331ad3255e79e,azure_http,27992.495483398438,84.58099290612154,89.91216767020524,native_v1__azure_http__seed2026080924__hpa__attempt2,completed,3,2026080924,0.25,0.796324946394159,207.4157175469523,0.02562223488858128,944,36843,171.41900709387846
256.0,0.0,35407,0.9610238037076242,nan,0,nan,5.012546920184832,nan,170.44,1436,0.03897619629237575,0.0,1.0,native_v1__azure_http__seed2026080924__keda,0.3173683054174441,1.7168082346795064,keda,0.0,0,170,1.2629258554778062,1.4279086029250183,3.0,sha256:1a9808c75bd3354995fd565a46e7cfdfe641c8923d901c13d6a331ad3255e79e,azure_http,7610.510856389999,121.5956088041421,139.5711060706526,native_v1__azure_http__seed2026080924__keda__attempt2,completed,9,2026080924,0.25,0.4104443177808539,208.72488254224461,0.029693564584860083,1094,36843,134.4043911958579
256.0,0.0,35366,0.9445794717021447,0.0451869152711879,0,0.0009308460575994104,0.24359154609555844,0.15897320391377434,158.47000000000003,2075,0.05542052829785529,0.0,5.0,native_v1__azure_http__seed2026080925__dap_repaired,0.22027929604097488,1.3939531367130968,dap_repaired,0.0,0,161,0.6956029200227931,0.9339917533332476,5.0,sha256:de3c832d479b2bdb3e17a111bb8662ea85250e664d2bb7fe144d7e49b84f03ef,azure_http,3921.0037368535995,63.035854256129824,89.30733596824575,native_v1__azure_http__seed2026080925__dap_repaired,completed,22,2026080925,0.25,0.3995352688229481,221.0257447512982,0.05456585027109319,2043,37441,192.96414574387018
256.0,0.0,35732,0.9543548516332363,nan,0,nan,5.012566791665449,nan,169.95000000000005,1709,0.045645148366763706,0.0,1.0,native_v1__azure_http__seed2026080925__hpa,0.7642788281874524,1.5029612606753315,hpa,0.0,0,170,1.3245238025090655,1.3970572636660656,5.0,sha256:de3c832d479b2bdb3e17a111bb8662ea85250e664d2bb7fe144d7e49b84f03ef,azure_http,22138.00272166729,85.10429598414339,90.44383126008324,native_v1__azure_http__seed2026080925__hpa,completed,3,2026080925,0.25,0.8104217301888305,211.17396670315506,0.03573622499399055,1338,37441,170.8957040158566
256.0,0.0,35008,0.9350177612777436,nan,0,nan,5.00669669628769,nan,167.15999999999997,2433,0.06498223872225635,0.0,1.0,native_v1__azure_http__seed2026080925__keda,0.2491287675113874,1.7694072347433047,keda,0.0,0,162,1.027485849958613,1.420243273555534,3.0,sha256:de3c832d479b2bdb3e17a111bb8662ea85250e664d2bb7fe144d7e49b84f03ef,azure_http,5535.0150401592255,123.67812589299865,140.353504430037,native_v1__azure_http__seed2026080925__keda,completed,9,2026080925,0.25,0.37931679175235705,217.786356960139,0.058625570898213186,2195,37441,132.32187410700135
256.0,0.0,36677,0.973665348164273,0.04131722350575728,0,0.0009545658213028219,0.2451718497904949,0.15962799259796157,166.05999999999997,992,0.02633465183572699,0.0,3.0,native_v1__azure_http__seed2026080926__dap_repaired,0.2813889818392026,1.291837505990022,dap_repaired,0.0,0,161,0.8490366913378238,1.2889126945612945,3.0,sha256:5c310500a93ae2ab0be621673d41f06ab0f65495b90090ea9dac102b21027359,azure_http,5580.0094673633575,46.69601827405859,69.38487129390705,native_v1__azure_http__seed2026080926__dap_repaired,completed,22,2026080926,0.25,0.39568345323741005,229.221346976009,0.025803711274522818,972,37669,209.3039817259414
256.0,0.0,36173,0.9602856460219279,nan,0,nan,5.0128805207132245,nan,159.36,1496,0.03971435397807215,0.0,1.0,native_v1__azure_http__seed2026080926__hpa,0.23337213666464082,1.496794550556657,hpa,0.0,0,168,1.311640171846375,1.4198219139315187,5.0,sha256:5c310500a93ae2ab0be621673d41f06ab0f65495b90090ea9dac102b21027359,azure_http,5371.010440707207,83.1536492521409,89.59442113386467,native_v1__azure_http__seed2026080926__hpa,completed,3,2026080926,0.25,0.2451883511640872,216.11257520154214,0.025909899386763652,976,37669,172.8463507478591
256.0,0.0,35855,0.9518436910987815,nan,0,nan,5.011710244791175,nan,172.0499999999999,1814,0.04815630890121851,0.0,1.0,native_v1__azure_http__seed2026080926__keda,0.36061881017504827,1.739161947052907,keda,0.0,0,170,1.2999296363792379,1.424501273871865,3.0,sha256:5c310500a93ae2ab0be621673d41f06ab0f65495b90090ea9dac102b21027359,azure_http,8892.905408382416,125.14849536190741,139.32709897193126,native_v1__azure_http__seed2026080926__keda,completed,9,2026080926,0.25,0.48270461121877406,211.76963841987055,0.03485624784305397,1313,37669,130.8515046380926
256.0,0.0,37500,0.9840969925995906,0.04291613721579779,0,0.000854225640068762,0.24897058057104005,0.16766842478318722,157.50999999999996,606,0.015903007400409383,0.0,2.0,native_v1__azure_http__seed2026080927__dap_repaired,0.14259448867922028,1.241790526722859,dap_repaired,0.0,0,161,0.5481513234204609,0.9740942327445373,3.0,sha256:693b1612b24f12553a97464ee69f538f3cd1f399729ac704ce915d994676c33e,azure_http,2318.507756471634,38.68798697378952,54.79690123582259,native_v1__azure_http__seed2026080927__dap_repaired,completed,18,2026080927,0.25,0.17695376056264106,234.3658965313977,0.015299427911614968,583,38106,217.31201302621048
256.0,0.0,36643,0.9616070959953813,nan,0,nan,5.008428379816905,nan,160.18,1463,0.03839290400461869,0.0,1.0,native_v1__azure_http__seed2026080927__hpa,0.5334643076700557,1.4889507062746994,hpa,0.0,0,170,1.2376647460390815,1.2858014102210291,5.0,sha256:693b1612b24f12553a97464ee69f538f3cd1f399729ac704ce915d994676c33e,azure_http,15149.012241005898,82.87302717799321,90.60864727408625,native_v1__azure_http__seed2026080927__hpa,completed,3,2026080927,0.25,0.6042355534561487,216.19363187425037,0.02640004198813835,1006,38106,173.1269728220068
256.0,0.0,36385,0.9548365086862961,nan,0,nan,5.0126357706976705,nan,161.7999999999999,1721,0.045163491313703875,0.0,1.0,native_v1__azure_http__seed2026080927__keda,0.24331336679339644,1.6493599660989404,keda,0.0,0,170,1.1029612217796925,1.2897932432778176,3.0,sha256:693b1612b24f12553a97464ee69f538f3cd1f399729ac704ce915d994676c33e,azure_http,5964.005480766296,110.05183563800529,119.86563882790506,native_v1__azure_http__seed2026080927__keda,completed,8,2026080927,0.25,0.3401826484018265,214.68939822345507,0.040571038681572455,1546,38106,145.9481643619947
256.0,0.0,36467,0.9342368191832762,0.039411158930306556,0,0.0009483218818786554,0.22362857004554826,0.14315436574906926,153.21000000000004,2567,0.06576318081672389,0.0,1.0,native_v1__azure_http__seed2026080928__dap_repaired,0.17137545927422512,1.2871863720322811,dap_repaired,0.0,0,167,0.5825917792390101,1.2368317126063628,3.0,sha256:4c056ea4da502b452a47c65d17f2bf7282e9d5754c7b0da9a60179439a8bbbbe,azure_http,2898.2951449155807,47.73606394021772,69.42511560104322,native_v1__azure_http__seed2026080928__dap_repaired,completed,22,2026080928,0.25,0.2823948352718143,219.39021704883018,0.06281703130604088,2452,39034,208.26393605978228
256.0,0.0,37348,0.9568068863042476,nan,0,nan,5.0095368767251784,nan,164.23000000000016,1686,0.04319311369575242,0.0,1.0,native_v1__azure_http__seed2026080928__hpa,0.4011155598124851,1.5063032681800195,hpa,0.0,0,167,1.1546177463489586,1.2519799926620907,5.0,sha256:4c056ea4da502b452a47c65d17f2bf7282e9d5754c7b0da9a60179439a8bbbbe,azure_http,10487.012204408646,84.32427049381658,90.57377171795815,native_v1__azure_http__seed2026080928__hpa,completed,3,2026080928,0.25,0.5715786237638981,224.2464043774204,0.03968335297433007,1549,39034,171.67572950618342
256.0,0.0,37020,0.9484039555259517,nan,0,nan,5.013659260665008,nan,162.54000000000002,2014,0.05159604447404827,0.0,2.0,native_v1__azure_http__seed2026080928__keda,0.25280484644435297,1.9295219810809066,keda,0.0,0,162,1.1359096898930108,1.2844522228627466,3.0,sha256:4c056ea4da502b452a47c65d17f2bf7282e9d5754c7b0da9a60179439a8bbbbe,azure_http,5615.007848978043,150.25324648001697,161.10385207820218,native_v1__azure_http__seed2026080928__keda,completed,6,2026080928,0.25,0.32978941435671466,229.01936926994563,0.04555003330429882,1778,39034,105.74675351998303
256.0,0.0,38666,0.9391333916253765,0.04003172626471496,0,0.0008977794568636455,0.24324623554639402,0.16159050946225761,163.72999999999993,2506,0.06086660837462353,77.0,1.0,native_v1__azure_http__seed2026080929__dap_repaired,0.288256303024565,1.3748399006818723,dap_repaired,0.0,0,161,0.9083598937431816,1.25218659559614,3.0,sha256:83333e9936389c9333a84ecb005efd6cebada28c44eab97edf948e096fee4c7c,azure_http,6644.344254732132,60.15140645601787,84.84729890222661,native_v1__azure_http__seed2026080929__dap_repaired,completed,27,2026080929,0.25,0.4686923151656466,240.95130028859478,0.05974934421451472,2460,41172,195.84859354398213
256.0,0.0,37658,0.9146507335082095,nan,0,nan,5.016933058446739,nan,168.76000000000005,3514,0.08534926649179053,0.0,1.0,native_v1__azure_http__seed2026080929__hpa,0.929954148274924,1.5177284351602824,hpa,0.0,0,165,1.3133135141280945,1.345336330147693,5.0,sha256:83333e9936389c9333a84ecb005efd6cebada28c44eab97edf948e096fee4c7c,azure_http,29944.018709778786,85.3550798301585,90.09077403997071,native_v1__azure_http__seed2026080929__hpa,completed,3,2026080929,0.25,0.7550519770717964,228.4177749005769,0.02613426600602351,1076,41172,170.6449201698415
256.0,0.0,39068,0.9488973088506752,nan,0,nan,5.008361554286239,nan,174.79999999999995,2104,0.05110269114932478,0.0,1.0,native_v1__azure_http__seed2026080929__keda,0.49456108376831637,1.7923785779039476,keda,0.0,0,170,1.2731623497093096,1.3391145596641583,3.0,sha256:83333e9936389c9333a84ecb005efd6cebada28c44eab97edf948e096fee4c7c,azure_http,15288.487643957138,134.11954767396674,149.8159946941305,native_v1__azure_http__seed2026080929__keda,completed,10,2026080929,0.25,0.5280773341105606,230.81382854648757,0.03223064218400855,1327,41172,121.88045232603326
256.0,0.0,40812,0.9515282926488074,0.044020948949764716,0,0.0008313410289702006,0.25368454331328394,0.16733185390694416,171.71999999999994,2079,0.04847170735119256,0.0,1.0,native_v1__azure_http__seed2026080930__dap_repaired,0.3659207573855296,1.377731660687922,dap_repaired,0.0,0,162,0.9848561620805413,1.215834459052421,3.0,sha256:a6b925fc3281f481a5cd1974770003ef2d17f2605ee96c2857019b71ed0adfb2,azure_http,9638.00481569767,60.86374583828729,89.9013753811596,native_v1__azure_http__seed2026080930__dap_repaired,completed,31,2026080930,0.25,0.5659928656361475,253.28681834593579,0.04506772982677019,1933,42891,195.1362541617127
256.0,0.0,37880,0.8831689631857499,nan,0,nan,5.007703189650783,nan,171.28,5011,0.11683103681425007,0.0,1.0,native_v1__azure_http__seed2026080930__hpa,0.9494073263712938,1.507879103985845,hpa,0.0,0,168,1.314151945215417,1.3645887409348505,5.0,sha256:a6b925fc3281f481a5cd1974770003ef2d17f2605ee96c2857019b71ed0adfb2,azure_http,30877.00048971176,85.30518064810894,89.8294440000318,native_v1__azure_http__seed2026080930__hpa,completed,3,2026080930,0.25,0.7280082068499218,225.52511245880928,0.0221724837378471,951,42891,170.69481935189106
256.0,0.0,39690,0.925368958522767,nan,0,nan,5.011631871566351,nan,172.83999999999997,3201,0.07463104147723298,0.0,1.0,native_v1__azure_http__seed2026080930__keda,0.4479075116374462,1.8055993878736332,keda,0.0,0,171,1.2981732930405994,1.3512471456849016,3.0,sha256:a6b925fc3281f481a5cd1974770003ef2d17f2605ee96c2857019b71ed0adfb2,azure_http,13965.995349764824,136.971622007899,150.163534067804,native_v1__azure_http__seed2026080930__keda,completed,10,2026080930,0.25,0.4729430416637523,233.43696479596767,0.04042806183115339,1734,42891,119.02837799210101
256.0,0.0,828,0.9987937273823885,0.05729642563528614,0,0.0007106729281076696,0.31348591731875786,0.20009310312889284,28.13000000000001,1,0.0012062726176115801,0.0,2.0,native_v1__gentd_inference__seed2026080921__dap_repaired,0.05375724540520595,2.267347869219609,dap_repaired,0.0,0,161,0.07654538283823058,0.10815082301036456,3.0,sha256:18bfe233234df05894a94fb4d6dbb8eb18af08433abff6890486b40ff47927c1,gentd_inference,0.0,202.79428758192807,209.90294665982947,native_v1__gentd_inference__seed2026080921__dap_repaired,completed,4,2026080921,1.0,0.0012062726176115801,5.174524629003161,0.0012062726176115801,1,829,53.205712418071926
256.0,0.0,829,1.0,nan,0,nan,5.008183667156118,nan,27.570000000000018,0,0.0,0.0,1.0,native_v1__gentd_inference__seed2026080921__hpa,0.061537873352522796,1.2585079535896355,hpa,0.0,0,161,0.10705293598584825,0.16192082775291058,3.0,sha256:18bfe233234df05894a94fb4d6dbb8eb18af08433abff6890486b40ff47927c1,gentd_inference,2.0000160932540894,41.36481131997425,44.55723981990013,native_v1__gentd_inference__seed2026080921__hpa,completed,3,2026080921,1.0,0.0,5.1808067458130775,0.0,0,829,214.63518868002575
256.0,0.0,829,1.0,nan,0,nan,5.01069054826803,nan,27.35,0,0.0,0.0,1.0,native_v1__gentd_inference__seed2026080921__keda,0.06601978390392217,1.0,keda,0.0,0,161,0.11802616843488067,0.1668083503376695,1.0,sha256:18bfe233234df05894a94fb4d6dbb8eb18af08433abff6890486b40ff47927c1,gentd_inference,4.000039458274841,0.0,0.0,native_v1__gentd_inference__seed2026080921__keda,completed,0,2026080921,1.0,0.0,5.180803606190748,0.0,0,829,256.0
256.0,0.0,1024,1.0,0.03748911819275236,0,0.0009371516825922299,0.23408430661947932,0.15347900388587732,34.599999999999994,0,0.0,0.0,2.0,native_v1__gentd_inference__seed2026080922__dap_repaired,0.054360672867233006,2.3532748726736696,dap_repaired,0.0,0,161,0.0831669005565345,0.10920958042028359,3.0,sha256:fbe17b423c6f860ee4112b4f598aa4497e6764ca8b9980c56c3b0575f56fabfe,gentd_inference,0.0,216.5306244090898,219.9087336451048,native_v1__gentd_inference__seed2026080922__dap_repaired,completed,1,2026080922,1.0,0.0,6.399803600066027,0.0,0,1024,39.469375590910204
256.0,0.0,1016,0.9921875,nan,0,nan,5.004489640501561,nan,33.36,8,0.0078125,0.0,1.0,native_v1__gentd_inference__seed2026080922__hpa,0.05570559924093486,1.6698715521569096,hpa,0.0,0,167,0.09034763622912578,0.1462628374050842,4.0,sha256:fbe17b423c6f860ee4112b4f598aa4497e6764ca8b9980c56c3b0575f56fabfe,gentd_inference,0.9999974966049194,111.84482840402052,120.44802954327315,native_v1__gentd_inference__seed2026080922__hpa,completed,5,2026080922,1.0,0.0068359375,6.085122635558131,0.0068359375,7,1024,144.15517159597948
256.0,0.0,1024,1.0,nan,0,nan,5.018213497769466,nan,33.58,0,0.0,0.0,1.0,native_v1__gentd_inference__seed2026080922__keda,0.06958852252478209,1.0,keda,0.0,0,162,0.14356382273253968,0.3080705713806673,1.0,sha256:fbe17b423c6f860ee4112b4f598aa4497e6764ca8b9980c56c3b0575f56fabfe,gentd_inference,7.000118136405945,0.0,0.0,native_v1__gentd_inference__seed2026080922__keda,completed,0,2026080922,1.0,0.0,6.398886418477064,0.0,0,1024,256.0
256.0,0.0,1371,0.9927588703837799,0.03751819225726649,0,0.0008301987218146678,0.22221701747912448,0.1421088927272649,45.17000000000002,10,0.00724112961622013,0.0,2.0,native_v1__gentd_inference__seed2026080923__dap_repaired,0.053129528202765224,2.123832422292642,dap_repaired,0.0,0,161,0.07752232748316601,0.09759336655260994,3.0,sha256:44f14608fa01b0eb7c7481de6d18174b04b435f027f501134022da267be8af37,gentd_inference,0.0,179.83845839416608,184.9589120009914,native_v1__gentd_inference__seed2026080923__dap_repaired,completed,3,2026080923,1.0,0.005792903692976104,8.567545922720134,0.005792903692976104,8,1381,76.16154160583392
256.0,0.0,1375,0.9956553222302679,nan,0,nan,5.00579878168719,nan,45.19999999999999,6,0.004344677769732078,0.0,1.0,native_v1__gentd_inference__seed2026080923__hpa,0.05810752540708265,1.8672584395954894,hpa,0.0,0,161,0.0991126999957487,0.15518129720352583,4.0,sha256:44f14608fa01b0eb7c7481de6d18174b04b435f027f501134022da267be8af37,gentd_inference,3.999898076057434,138.7816409340594,149.94387419789564,native_v1__gentd_inference__seed2026080923__hpa,completed,8,2026080923,1.0,0.003620564808110065,8.592493548987452,0.003620564808110065,5,1381,117.2183590659406
256.0,0.0,1371,0.9927588703837799,nan,0,nan,5.016699529089237,nan,44.39,10,0.00724112961622013,0.0,1.0,native_v1__gentd_inference__seed2026080923__keda,0.07250267374862521,1.0,keda,0.0,0,162,0.11775483493693173,0.16365168699994664,1.0,sha256:44f14608fa01b0eb7c7481de6d18174b04b435f027f501134022da267be8af37,gentd_inference,6.000012636184692,0.0,0.0,native_v1__gentd_inference__seed2026080923__keda,completed,0,2026080923,1.0,0.0065170166545981175,8.567488100403745,0.005792903692976104,8,1381,256.0
256.0,0.0,1742,0.9994262765347103,0.03428560229804134,0,0.0007288983106263913,0.22231236932202592,0.1509855424919806,58.11000000000001,1,0.0005737234652897303,0.0,2.0,native_v1__gentd_inference__seed2026080924__dap_repaired,0.055131818802602775,2.249072540729083,dap_repaired,0.0,0,161,0.08368701555300503,0.1137214121490251,3.0,sha256:f1ff3e60703394b3914d0c9d4b0a8d3a7be113f8f289035839ba86fbb11064b8,gentd_inference,2.0000444650650024,199.89819206099492,204.9965419609798,native_v1__gentd_inference__seed2026080924__dap_repaired,completed,3,2026080924,1.0,0.0005737234652897303,10.88496270784748,0.0005737234652897303,1,1743,56.101807939005084
256.0,0.0,1725,0.9896729776247849,nan,0,nan,5.014970939791965,nan,56.46000000000003,18,0.010327022375215147,0.0,1.0,native_v1__gentd_inference__seed2026080924__hpa,0.06704885120584589,1.681604642313736,hpa,0.0,0,162,0.12985845496878026,0.2593084923084825,5.0,sha256:f1ff3e60703394b3914d0c9d4b0a8d3a7be113f8f289035839ba86fbb11064b8,gentd_inference,10.000131607055664,109.1007570498623,120.58559479005635,native_v1__gentd_inference__seed2026080924__hpa,completed,5,2026080924,1.0,0.0068846815834767644,10.776900543905791,0.0068846815834767644,12,1743,146.8992429501377
256.0,0.0,1743,1.0,nan,0,nan,5.008713667688426,nan,56.76,0,0.0,0.0,1.0,native_v1__gentd_inference__seed2026080924__keda,0.07599340885140513,1.0,keda,0.0,0,161,0.1623393052723258,0.2836682028905487,1.0,sha256:f1ff3e60703394b3914d0c9d4b0a8d3a7be113f8f289035839ba86fbb11064b8,gentd_inference,12.999966025352478,0.0,0.0,native_v1__gentd_inference__seed2026080924__keda,completed,0,2026080924,1.0,0.0,10.88922317433465,0.0,0,1743,256.0
256.0,0.0,2275,0.9956236323851203,0.03652055890779593,0,0.0007759551699564327,0.23668835864737048,0.16425563674783916,73.90000000000002,10,0.00437636761487965,12.0,1.0,native_v1__gentd_inference__seed2026080925__dap_repaired,0.41231757235370453,2.363221014769046,dap_repaired,0.0,0,162,1.5363695756066587,1.7494386086869045,5.0,sha256:c60930ea40ee77c23292b312e67d9db80c14cafaafc2029090fccda384cf8cfd,gentd_inference,671.0016210079193,220.3149945429759,229.7542636549333,native_v1__gentd_inference__seed2026080925__dap_repaired,completed,7,2026080925,1.0,0.1824945295404814,14.076789530522019,0.00350109409190372,8,2285,35.68500545702409
256.0,0.0,2024,0.8857768052516412,nan,0,nan,5.012161770609964,nan,67.58,261,0.11422319474835886,0.0,1.0,native_v1__gentd_inference__seed2026080925__hpa,0.7010282785254977,1.4968625317769422,hpa,0.0,0,168,4.393509407405508,4.524874112857506,5.0,sha256:c60930ea40ee77c23292b312e67d9db80c14cafaafc2029090fccda384cf8cfd,gentd_inference,1171.997094988823,83.18625433393754,90.88671965594403,native_v1__gentd_inference__seed2026080925__hpa,completed,3,2026080925,1.0,0.15842450765864333,12.089133864346326,0.01312910284463895,30,2285,172.81374566606246
256.0,0.0,1784,0.7807439824945296,nan,0,nan,5.011458724402473,nan,58.43999999999999,501,0.21925601750547047,0.0,1.0,native_v1__gentd_inference__seed2026080925__keda,1.6057611435863597,1.1586107570312607,keda,0.0,0,167,4.580574848951073,4.665259412403684,3.0,sha256:c60930ea40ee77c23292b312e67d9db80c14cafaafc2029090fccda384cf8cfd,gentd_inference,2591.009016275406,26.48667318606749,30.286022782092914,native_v1__gentd_inference__seed2026080925__keda,completed,2,2026080925,1.0,0.3518599562363239,10.683168420434631,0.012691466083150985,29,2285,229.5133268139325
256.0,0.0,4172,0.9961795606494747,0.037491969873372,0,0.0008247717414633371,0.28257655043853447,0.20163505031814566,139.01999999999998,16,0.0038204393505253103,0.0,1.0,native_v1__gentd_inference__seed2026080926__dap_repaired,0.21158291466643744,2.598342026029207,dap_repaired,0.0,0,161,0.8127310938201844,1.2309241839346938,5.0,sha256:2834ad8462ea0e4ef66891e2f0759b359895ce647e5bae6440554c89e18b1a30,gentd_inference,422.0005736351013,252.68464896187652,264.7250435198657,native_v1__gentd_inference__seed2026080926__dap_repaired,completed,8,2026080926,1.0,0.02268385864374403,26.38974294635493,0.0031041069723018147,13,4188,3.315351038123481
256.0,0.0,3396,0.8108882521489972,nan,0,nan,5.015985934969649,nan,115.08000000000003,792,0.18911174785100288,0.0,1.0,native_v1__gentd_inference__seed2026080926__hpa,1.2764885109682398,1.723190488362119,hpa,0.0,0,162,4.591856106504565,4.670095284550917,5.0,sha256:2834ad8462ea0e4ef66891e2f0759b359895ce647e5bae6440554c89e18b1a30,gentd_inference,3879.001079559326,114.33030043903273,119.91815812303685,native_v1__gentd_inference__seed2026080926__hpa,completed,4,2026080926,1.0,0.2523877745940783,21.481224916288987,0.009312320916905445,39,4188,141.66969956096727
256.0,0.0,3728,0.8901623686723973,nan,0,nan,5.0061444822495105,nan,122.89999999999999,460,0.10983763132760267,0.0,1.0,native_v1__gentd_inference__seed2026080926__keda,1.6938732622187314,1.870015409896396,keda,0.0,0,168,4.476745091896737,4.590196616598405,4.0,sha256:2834ad8462ea0e4ef66891e2f0759b359895ce647e5bae6440554c89e18b1a30,gentd_inference,5748.999755144119,145.45432465919293,151.3491189472843,native_v1__gentd_inference__seed2026080926__keda,completed,4,2026080926,1.0,0.46155682903533907,22.298528804098883,0.010744985673352435,45,4188,110.54567534080707
256.0,0.0,5376,0.9840746842394289,0.04013495012259227,0,0.00072584269582876,0.2892524243798107,0.20249133821198484,179.10999999999996,87,0.015925315760571115,0.0,1.0,native_v1__gentd_inference__seed2026080927__dap_repaired,0.16729209711807666,2.5607104247896633,dap_repaired,0.0,0,161,0.8593532164813951,1.7465122595313005,3.0,sha256:59aace6ae5c983b9ea5c57a08b44f8d70ad1465a40417c23ae278e5cc9bc7fe2,gentd_inference,451.0008181333542,249.76743256603368,254.8507047528401,native_v1__gentd_inference__seed2026080927__dap_repaired,completed,3,2026080927,1.0,0.052535237049240346,33.59276730944887,0.012996522057477576,71,5463,6.232567433966324
256.0,0.0,3995,0.7312831777411679,nan,0,nan,5.013794205402519,nan,133.25000000000003,1468,0.26871682225883214,0.0,1.0,native_v1__gentd_inference__seed2026080927__hpa,2.6036905303444757,1.5208543321936647,hpa,0.0,0,161,4.534145598765463,4.582170138629153,5.0,sha256:59aace6ae5c983b9ea5c57a08b44f8d70ad1465a40417c23ae278e5cc9bc7fe2,gentd_inference,9754.500015258789,83.35450870567001,89.68414726783521,native_v1__gentd_inference__seed2026080927__hpa,completed,3,2026080927,1.0,0.47464762950759654,24.96341337048931,0.0007321984257733846,4,5463,172.64549129433
256.0,0.0,4605,0.842943437671609,nan,0,nan,5.006560821333551,nan,149.47000000000003,858,0.157056562328391,0.0,1.0,native_v1__gentd_inference__seed2026080927__keda,1.6725902093332474,1.6240444575855038,keda,0.0,0,173,4.528062942600809,4.596634533326141,3.0,sha256:59aace6ae5c983b9ea5c57a08b44f8d70ad1465a40417c23ae278e5cc9bc7fe2,gentd_inference,7060.004972577095,107.42297158017755,118.5178420220036,native_v1__gentd_inference__seed2026080927__keda,completed,8,2026080927,1.0,0.385502471169687,26.751491649403643,0.007505033864177192,41,5463,148.57702841982245
256.0,0.0,6200,0.8976400752859418,0.03956987931087497,0,0.0007474152153008617,0.29983626577450195,0.2176336669435841,205.2800000000001,707,0.1023599247140582,5.0,1.0,native_v1__gentd_inference__seed2026080928__dap_repaired,0.6632914245974333,2.525733122323148,dap_repaired,0.0,0,165,4.430358546104981,4.557046234412119,5.0,sha256:a6b1d1eb9805c2ecf9b1b4cc9c765fc24d8cc98aa041d76c97d9d759fd375c03,gentd_inference,3295.500566124916,250.86408507474698,265.3003231397597,native_v1__gentd_inference__seed2026080928__dap_repaired,completed,11,2026080928,1.0,0.1388446503547126,37.707850271133736,0.014043723758505863,97,6907,5.135914925253019
256.0,0.0,4221,0.6111191544809613,nan,0,nan,5.007259006524691,nan,140.31,2686,0.3888808455190387,1.0,1.0,native_v1__gentd_inference__seed2026080928__hpa,2.7054951583465594,1.5082991247556943,hpa,0.0,0,165,4.585451486054808,4.673563526407816,5.0,sha256:a6b1d1eb9805c2ecf9b1b4cc9c765fc24d8cc98aa041d76c97d9d759fd375c03,gentd_inference,10667.49990594387,83.70751098613255,89.1248044099193,native_v1__gentd_inference__seed2026080928__hpa,completed,3,2026080928,1.0,0.3965542203561604,25.631279443361134,0.0013030259157376576,9,6907,172.29248901386745
256.0,0.0,5571,0.8065730418416099,nan,0,nan,5.008065468096902,nan,183.74000000000004,1336,0.19342695815839003,5.0,1.0,native_v1__gentd_inference__seed2026080928__keda,1.7895893360838302,1.6731328695905427,keda,0.0,0,165,4.5780092954519205,4.674790286982898,5.0,sha256:a6b1d1eb9805c2ecf9b1b4cc9c765fc24d8cc98aa041d76c97d9d759fd375c03,gentd_inference,9069.499458312988,110.6302408860065,119.7916068402119,native_v1__gentd_inference__seed2026080928__keda,completed,5,2026080928,1.0,0.3991602721876357,33.89690907708445,0.01042420732590126,72,6907,145.3697591139935
256.0,0.0,7524,0.901509705248023,0.03900115032956819,0,0.0007598587471875362,0.3217272000219964,0.23847104629749083,247.78000000000003,822,0.098490294751977,18.0,1.0,native_v1__gentd_inference__seed2026080929__dap_repaired,0.7706253503241527,2.524973117878983,dap_repaired,0.0,0,163,4.409004301036475,4.498020910038613,5.0,sha256:b2c197f44ebdb86e846ed5ba155131e39eea37cc842944320af6c6419ec3011a,gentd_inference,4736.999220728874,248.1871710740961,265.56551525206305,native_v1__gentd_inference__seed2026080929__dap_repaired,completed,8,2026080929,1.0,0.15756050802779775,46.230825264920504,0.01234124131320393,103,8346,7.812828925903887
256.0,0.0,5082,0.6089144500359454,nan,0,nan,5.014504931616102,nan,169.09999999999997,3264,0.39108554996405465,17.0,1.0,native_v1__gentd_inference__seed2026080929__hpa,2.5307565418946467,1.703307770352193,hpa,0.0,0,163,4.586301678617019,4.623530477104941,5.0,sha256:b2c197f44ebdb86e846ed5ba155131e39eea37cc842944320af6c6419ec3011a,gentd_inference,12010.501486420631,114.44963154592551,119.92305725894403,native_v1__gentd_inference__seed2026080929__hpa,completed,4,2026080929,1.0,0.35657800143781454,31.229546488278665,0.004672897196261682,39,8346,141.5503684540745
256.0,0.0,6692,0.8018212317277738,nan,0,nan,5.011967347654718,nan,221.39,1654,0.19817876827222622,19.0,1.0,native_v1__gentd_inference__seed2026080929__keda,1.8970122124597875,1.7606475410868108,keda,0.0,0,163,4.597047814814141,4.676954054663656,4.0,sha256:b2c197f44ebdb86e846ed5ba155131e39eea37cc842944320af6c6419ec3011a,gentd_inference,11595.499048948288,123.80846541794017,133.75027163594496,native_v1__gentd_inference__seed2026080929__keda,completed,7,2026080929,1.0,0.41612748622094414,41.1139361736677,0.012700694943685599,106,8346,132.19153458205983
256.0,0.0,9454,0.9569794513614739,0.038019870280550094,0,0.0007696876309637446,0.33174105883881566,0.25356253931386163,310.43999999999994,425,0.04302054863852617,13.0,1.0,native_v1__gentd_inference__seed2026080930__dap_repaired,0.6542554533701169,2.533131862572514,dap_repaired,0.0,0,164,4.1982466952002175,4.528846872143912,5.0,sha256:80203af66307e0be74a4d24ff9e95cc39ee0f15256a184ea2b324951e59a8b4c,gentd_inference,4801.501849651337,250.77365407394245,270.4897190860938,native_v1__gentd_inference__seed2026080930__dap_repaired,completed,13,2026080930,1.0,0.12825184735297096,57.79805172231855,0.008907784188683066,88,9879,5.226345926057547
256.0,0.0,6320,0.6397408644599656,nan,0,nan,5.010700212133088,nan,211.3799999999999,3559,0.3602591355400344,10.0,1.0,native_v1__gentd_inference__seed2026080930__hpa,2.26019774375493,1.5170476857682318,hpa,0.0,0,164,4.572409319202415,4.616156060439534,5.0,sha256:80203af66307e0be74a4d24ff9e95cc39ee0f15256a184ea2b324951e59a8b4c,gentd_inference,13132.999178767204,84.52892449800856,89.72920542419888,native_v1__gentd_inference__seed2026080930__hpa,completed,3,2026080930,1.0,0.3456827614130985,38.65826275989363,0.0072881870634679624,72,9879,171.47107550199144
256.0,0.0,6046,0.612005263690657,nan,0,nan,5.007307707666769,nan,203.18999999999986,3833,0.38799473630934306,13.0,1.0,native_v1__gentd_inference__seed2026080930__keda,2.7129311825180453,1.515560753239435,keda,0.0,0,164,4.6469125570729375,4.7452821275335735,5.0,sha256:80203af66307e0be74a4d24ff9e95cc39ee0f15256a184ea2b324951e59a8b4c,gentd_inference,15213.49649465084,84.32643373589963,90.19309664983302,native_v1__gentd_inference__seed2026080930__keda,completed,3,2026080930,1.0,0.41937443061038565,36.96445083694574,0.00283429496912643,28,9879,171.67356626410037
