planner,fault,monitor,attempts,activated,detected,localized,action_changed,median_us
dap,branch_forecast_mismatch,full_contract,320,320,320,320,65,8.318999999999999
dap,branch_forecast_mismatch,ordinary_log,320,320,0,0,65,0.6094999999999999
dap,branch_forecast_mismatch,standard_assertions,320,320,0,0,65,7.4615
dap,clean,full_contract,320,0,0,0,0,8.126000000000001
dap,clean,ordinary_log,320,0,0,0,0,0.8314999999999999
dap,clean,standard_assertions,320,0,0,0,0,8.246500000000001
dap,coherent_wrong_model,full_contract,320,320,0,0,24,7.607
dap,coherent_wrong_model,ordinary_log,320,320,0,0,24,0.623
dap,coherent_wrong_model,standard_assertions,320,320,0,0,24,7.051
dap,delivery_override,full_contract,320,295,295,295,295,8.0685
dap,delivery_override,ordinary_log,320,295,0,0,295,0.632
dap,delivery_override,standard_assertions,320,295,0,0,295,7.2035
dap,ledger_omission,full_contract,320,181,181,181,0,7.8805
dap,ledger_omission,ordinary_log,320,181,0,0,0,0.641
dap,ledger_omission,standard_assertions,320,181,0,0,0,7.1635
dap,nonmaximal_selection,full_contract,320,274,274,274,274,8.112
dap,nonmaximal_selection,ordinary_log,320,274,0,0,274,0.634
dap,nonmaximal_selection,standard_assertions,320,274,0,0,274,7.257
dap,postcost_budget_error,full_contract,320,295,295,295,4,8.173
dap,postcost_budget_error,ordinary_log,320,295,0,0,4,0.632
dap,postcost_budget_error,standard_assertions,320,295,0,0,4,7.33
dap,stale_cycle_context,full_contract,320,280,280,280,70,7.8965
dap,stale_cycle_context,ordinary_log,320,280,0,0,70,0.618
dap,stale_cycle_context,standard_assertions,320,280,3,0,70,7.154
dap,target_mapping_error,full_contract,320,295,295,295,295,8.0105
dap,target_mapping_error,ordinary_log,320,295,0,0,295,0.6255
dap,target_mapping_error,standard_assertions,320,295,0,0,295,7.164
pds_adp,branch_forecast_mismatch,full_contract,320,0,0,0,0,7.555
pds_adp,branch_forecast_mismatch,ordinary_log,320,0,0,0,0,0.5905
pds_adp,branch_forecast_mismatch,standard_assertions,320,0,0,0,0,7.0905000000000005
pds_adp,clean,full_contract,320,0,0,0,0,7.6545
pds_adp,clean,ordinary_log,320,0,0,0,0,0.6795
pds_adp,clean,standard_assertions,320,0,0,0,0,7.396
pds_adp,coherent_wrong_model,full_contract,320,320,0,0,26,7.374499999999999
pds_adp,coherent_wrong_model,ordinary_log,320,320,0,0,26,0.617
pds_adp,coherent_wrong_model,standard_assertions,320,320,0,0,26,6.909
pds_adp,delivery_override,full_contract,320,295,295,295,295,7.811999999999999
pds_adp,delivery_override,ordinary_log,320,295,0,0,295,0.632
pds_adp,delivery_override,standard_assertions,320,295,0,0,295,6.9925
pds_adp,ledger_omission,full_contract,320,182,182,182,0,7.638
pds_adp,ledger_omission,ordinary_log,320,182,0,0,0,0.6245
pds_adp,ledger_omission,standard_assertions,320,182,0,0,0,6.993
pds_adp,nonmaximal_selection,full_contract,320,267,267,267,267,7.8225
pds_adp,nonmaximal_selection,ordinary_log,320,267,0,0,267,0.6234999999999999
pds_adp,nonmaximal_selection,standard_assertions,320,267,0,0,267,6.9895
pds_adp,postcost_budget_error,full_contract,320,295,295,295,2,7.862
pds_adp,postcost_budget_error,ordinary_log,320,295,0,0,2,0.5865
pds_adp,postcost_budget_error,standard_assertions,320,295,0,0,2,6.98
pds_adp,stale_cycle_context,full_contract,320,280,280,280,63,7.6355
pds_adp,stale_cycle_context,ordinary_log,320,280,0,0,63,0.606
pds_adp,stale_cycle_context,standard_assertions,320,280,3,0,63,6.9875
pds_adp,target_mapping_error,full_contract,320,295,295,295,295,7.772
pds_adp,target_mapping_error,ordinary_log,320,295,0,0,295,0.6094999999999999
pds_adp,target_mapping_error,standard_assertions,320,295,0,0,295,6.8835
