dataset,training_seed,method,discounted_return,completion_ratio,slo_violation_rate,total_cost
azure2019,820,full_budget_horizon_retrained,30.869678192715373,0.9824413456184802,0.0690625,71.0
azure2019,820,no_budget_horizon,30.7885593610207,0.982003173805765,0.07125,71.52
azure2019,821,full_budget_horizon_retrained,11.413333669851465,0.9559167616374908,0.1475,75.96
azure2019,821,no_budget_horizon,-0.8485096869154485,0.9470523425057848,0.191875,75.94
azure2019,822,full_budget_horizon_retrained,28.801218078542448,0.9785697974255017,0.0775,69.34
azure2019,822,no_budget_horizon,25.44739850801464,0.9762607843968568,0.0975,71.86
azure2019,823,full_budget_horizon_retrained,18.2232576936872,0.9598476310447062,0.125,76.7
azure2019,823,no_budget_horizon,18.206344644023453,0.9597872947844482,0.125,76.96
azure2019,824,full_budget_horizon_retrained,27.33150900386762,0.9758709430868951,0.089375,72.72
azure2019,824,no_budget_horizon,28.010562544999186,0.9764698816747688,0.086875,72.78
azure2019,825,full_budget_horizon_retrained,15.036784138988423,0.9610789797950324,0.1571875,77.98
azure2019,825,no_budget_horizon,13.868975554489005,0.9608541645681408,0.1625,83.16
azure2019,826,full_budget_horizon_retrained,10.134701850281424,0.9606971796787652,0.16625,77.48
azure2019,826,no_budget_horizon,-3.45643294656236,0.9521813564709812,0.235625,76.6
azure2019,827,full_budget_horizon_retrained,22.324568359303804,0.9730958874266878,0.11625,67.62
azure2019,827,no_budget_horizon,19.26679633575397,0.9720707058147527,0.130625,66.36
azure2019,828,full_budget_horizon_retrained,16.75208469494243,0.9685376808360164,0.130625,74.66
azure2019,828,no_budget_horizon,14.057295398951096,0.9666481211181578,0.145,74.44
azure2019,829,full_budget_horizon_retrained,14.535501501971948,0.9574630030716582,0.1496875,83.16
azure2019,829,no_budget_horizon,3.289080484736709,0.9482789573856087,0.1896875,83.52
gentd26,820,full_budget_horizon_retrained,-125.09464765879686,0.8916502566409052,0.16375,45.9
gentd26,820,no_budget_horizon,-123.99009003981952,0.892322687732625,0.163125,45.8
gentd26,821,full_budget_horizon_retrained,-64.31879955153828,0.9783073206994938,0.1225,56.78
gentd26,821,no_budget_horizon,-63.91337005066996,0.9785148715377392,0.119375,37.08
gentd26,822,full_budget_horizon_retrained,-146.80701809346837,0.8929578237176343,0.18625,49.14
gentd26,822,no_budget_horizon,-143.18647202538952,0.901393841605742,0.1821875,42.76
gentd26,823,full_budget_horizon_retrained,6.651452723878004,0.9,0.000625,15.28
gentd26,823,no_budget_horizon,6.729019917958369,0.9,0.0003125,6.92
gentd26,824,full_budget_horizon_retrained,-85.55949162695009,0.903187832844906,0.1228125,53.2
gentd26,824,no_budget_horizon,-71.65691073636802,0.9486242024229448,0.1053125,32.08
gentd26,825,full_budget_horizon_retrained,-194.52495614224856,0.821485131073339,0.246875,66.5
gentd26,825,no_budget_horizon,-175.00594854826122,0.8539403084432248,0.228125,61.8
gentd26,826,full_budget_horizon_retrained,-88.6332455163339,0.9350256502800068,0.13625,44.16
gentd26,826,no_budget_horizon,-78.32756287346444,0.9450592161682336,0.1228125,32.46
gentd26,827,full_budget_horizon_retrained,-165.82858198418887,0.7069839539646974,0.2065625,64.98
gentd26,827,no_budget_horizon,-200.32461965782971,0.6725820155994221,0.2428125,67.34
gentd26,828,full_budget_horizon_retrained,-71.66331026801964,0.9232147874552884,0.11375,38.38
gentd26,828,no_budget_horizon,-71.66331026801964,0.9232147874552884,0.11375,38.38
gentd26,829,full_budget_horizon_retrained,-279.17457528097,0.6678280845802123,0.3415625,51.98
gentd26,829,no_budget_horizon,-274.48790331533843,0.6702069277377771,0.3384375,49.06
