dataset,budget,method,discounted_return,completion_ratio,slo_violation_rate,total_cost
azure2019,48,blackbox_matched_weight,-29.056967282302725,0.9135485142034,0.3546875,47.83
azure2019,48,dap,-18.181784045280317,0.921662399861473,0.30953125,47.42
azure2019,48,no_budget_horizon,-46.06381946135858,0.9011433642389413,0.43671875,47.82
azure2019,72,blackbox_matched_weight,15.268025065493013,0.9564547894171521,0.1521875,68.83
azure2019,72,dap,19.373073948958744,0.9611701329637411,0.13234375,65.22
azure2019,72,no_budget_horizon,5.212202738686123,0.9481268104360596,0.19671875,68.15
azure2019,96,blackbox_matched_weight,32.99150815409466,0.9812211424797427,0.05609375,77.32
azure2019,96,dap,35.05683716335031,0.983412450846599,0.04953125,72.92
azure2019,96,no_budget_horizon,34.326215848183786,0.9843780614688724,0.046875,74.08
azure2019,120,blackbox_matched_weight,36.889599573468765,0.9872056746228215,0.0371875,92.53
azure2019,120,dap,40.6143388757601,0.9923756428751079,0.01875,86.58
azure2019,120,no_budget_horizon,40.11499143150174,0.9924556997477447,0.02140625,88.03
azure2019,144,blackbox_matched_weight,35.94484673372029,0.9842749761731127,0.04609375,121.35
azure2019,144,dap,42.05326543041432,0.9967012577456695,0.00890625,97.05
azure2019,144,no_budget_horizon,40.7254445422424,0.9946994553710143,0.01625,98.49
gentd26,48,blackbox_matched_weight,-247.0421847120441,0.7498903598090751,0.24859375,35.33
gentd26,48,dap,-215.04140332635075,0.8057519973448787,0.21484375,26.52
gentd26,48,no_budget_horizon,-216.33360266250682,0.8041007495162065,0.21671875,24.75
gentd26,72,blackbox_matched_weight,-172.00015426245827,0.8122423130974432,0.19734375,47.51
gentd26,72,dap,-149.9497947794232,0.8610015495528576,0.1728125,33.44
gentd26,72,no_budget_horizon,-176.85101092583912,0.8314800226480762,0.19765625,36.54
gentd26,96,blackbox_matched_weight,-110.99759966964541,0.8625839778830289,0.15984375,55.62
gentd26,96,dap,-92.78801713474441,0.8961422077039519,0.1453125,40.36
gentd26,96,no_budget_horizon,-124.69288953686835,0.852053577581807,0.175,50.42
gentd26,120,blackbox_matched_weight,-63.371593194646195,0.8840820947826097,0.13796875,71.54
gentd26,120,dap,-46.53203059401462,0.9224774785254405,0.11953125,45.15
gentd26,120,no_budget_horizon,-56.75680679166427,0.9160662237678406,0.12765625,45.79
gentd26,144,blackbox_matched_weight,-29.08099725424919,0.9276504008527305,0.09921875,80.55
gentd26,144,dap,-21.663262119581777,0.9403635257664412,0.0871875,49.61
gentd26,144,no_budget_horizon,-23.279273881722553,0.9392288558375683,0.09109375,49.34
