profile,comparator,metric,n_pairs,dap_mean,comparator_mean,difference_dap_minus_comparator,positive,ties,negative
azure_http,immediate,completion_rate,8,0.9343414903607954,0.8664641778009681,0.0678773125598275,8,0,0
azure_http,immediate,failure_or_slo_rate,8,0.5923423014608754,0.5194736500320041,0.07286865142887135,6,0,2
azure_http,immediate,ready_replica_seconds,8,62.24220356711612,133.06936972915082,-70.8271661620347,0,0,8
azure_http,mpc_4,completion_rate,8,0.9343414903607954,0.8877951164721922,0.046546373888603304,7,0,1
azure_http,mpc_4,failure_or_slo_rate,8,0.5923423014608754,0.4769524405842892,0.11538986087658619,7,0,1
azure_http,mpc_4,ready_replica_seconds,8,62.24220356711612,132.41653226445487,-70.17432869733875,0,0,8
azure_http,dap_guard45,completion_rate,8,0.9343414903607954,0.9364513693174465,-0.002109878956651101,3,0,5
azure_http,dap_guard45,failure_or_slo_rate,8,0.5923423014608754,0.5810103498797298,0.011331951581145597,5,0,3
azure_http,dap_guard45,ready_replica_seconds,8,62.24220356711612,55.77580285937165,6.466400707744469,7,0,1
gentd_inference,immediate,completion_rate,8,0.9214202274482103,0.8630927982741081,0.05832742917410219,7,0,1
gentd_inference,immediate,failure_or_slo_rate,8,0.3501361769119462,0.4654670546334028,-0.11533087772145661,1,0,7
gentd_inference,immediate,ready_replica_seconds,8,122.37783415055583,102.92177734318102,19.456056807374807,7,0,1
gentd_inference,mpc_4,completion_rate,8,0.9214202274482103,0.876345464567532,0.045074762880678146,6,1,1
gentd_inference,mpc_4,failure_or_slo_rate,8,0.3501361769119462,0.4564296491199944,-0.10629347220804822,0,1,7
gentd_inference,mpc_4,ready_replica_seconds,8,122.37783415055583,102.58357343500302,19.794260715552806,7,0,1
gentd_inference,dap_guard45,completion_rate,8,0.9214202274482103,0.9092093426494237,0.012210884798786514,6,0,2
gentd_inference,dap_guard45,failure_or_slo_rate,8,0.3501361769119462,0.455292973430764,-0.10515679651881783,1,0,7
gentd_inference,dap_guard45,ready_replica_seconds,8,122.37783415055583,97.60340090487716,24.774433245678665,7,0,1
