profile,budget,method,completion_rate,failure_or_slo_rate,ready_replica_seconds
azure_http,128,dap,0.9287388759299888,0.6045813930735985,59.6024915805916
azure_http,128,dap_guard45,0.930828941367643,0.5898809744206222,52.344286126200316
azure_http,128,immediate,0.8606337062455802,0.5750645237372777,117.3194171151008
azure_http,128,mpc_4,0.8898569942976435,0.4870434810651714,108.93101990798168
azure_http,256,dap,0.9309396600074022,0.6174301966967334,64.35661804829434
azure_http,256,dap_guard45,0.927168630512314,0.6224972626552816,61.408469759699074
azure_http,256,immediate,0.8637213699335071,0.4903448056328881,154.5391378750428
azure_http,256,mpc_4,0.8812503285497477,0.4721944770753028,157.31934857874802
gentd_inference,128,dap,0.8957081039709933,0.3734271716498905,67.94146304998867
gentd_inference,128,dap_guard45,0.8855548396381303,0.45527344200680897,46.1233454221001
gentd_inference,128,immediate,0.8752754611440456,0.39674010148395983,66.28717227728922
gentd_inference,128,mpc_4,0.8614451744134393,0.4183787575086316,66.20653965919192
gentd_inference,256,dap,0.978340111135136,0.18701486022023062,129.62932917630025
gentd_inference,256,dap_guard45,0.9691801086009477,0.2731953154824135,111.84773301950335
gentd_inference,256,immediate,0.9056730160945271,0.34800718592948476,98.38767147180042
gentd_inference,256,mpc_4,0.940707568894612,0.3119086810833596,97.92717783681292
