profile,request_plan_seed,method,completion_rate,failure_or_slo_rate,ready_replica_seconds
azure_http,2026100201,dap,0.8897443062735784,0.5806622886684365,61.44840804150226
azure_http,2026100201,dap_guard45,0.8452424200083835,0.8057845465977365,68.39585454100961
azure_http,2026100201,immediate,0.8123096269386614,0.7477294955987146,171.09649551151597
azure_http,2026100201,mpc_4,0.8218667039262261,0.7370406594942015,171.15802476450335
azure_http,2026100202,dap,0.9339164505270129,0.7906572484962198,60.4095115659984
azure_http,2026100202,dap_guard45,0.9531344848518294,0.6080238397439435,54.16150201351411
azure_http,2026100202,immediate,0.8777523315490315,0.42352795099608187,123.64132160599547
azure_http,2026100202,mpc_4,0.9313089785331936,0.24352960653385575,100.76155955350623
azure_http,2026100203,dap,0.9629553883071553,0.5629499345549738,50.80839956847194
azure_http,2026100203,dap_guard45,0.973317517452007,0.6169557155322862,49.34691568749258
azure_http,2026100203,immediate,0.8802492364746946,0.4660503926701571,135.4172678891191
azure_http,2026100203,mpc_4,0.894919829842932,0.4158349694589878,127.78010157892277
azure_http,2026100204,dap,0.9698300398471171,0.3857173836437071,50.96212586997717
azure_http,2026100204,dap_guard45,0.9838578515084979,0.34755089317177634,38.218696418523905
azure_http,2026100204,immediate,0.9144100187037489,0.22501423111327967,116.61400253751344
azure_http,2026100204,mpc_4,0.9347943942967119,0.18396085766176032,86.00200882852369
azure_http,2026100205,dap,0.9726607520973491,0.43292503149374145,51.2084498350232
azure_http,2026100205,dap_guard45,0.9785306494411536,0.35704521697177627,43.88712931401824
azure_http,2026100205,immediate,0.9158380015545846,0.2423677932938433,101.08457988205191
azure_http,2026100205,mpc_4,0.9343053954809831,0.27619341177731915,105.5431646129
azure_http,2026100206,dap,0.9747716167410241,0.4124840662842575,49.20351642247988
azure_http,2026100206,dap_guard45,0.9636445719141704,0.39396112173358827,39.41746952049289
azure_http,2026100206,immediate,0.9066018695559804,0.29551731463777353,113.7299579055034
azure_http,2026100206,mpc_4,0.915564584661143,0.2759852347567453,109.87605139046354
azure_http,2026100207,dap,0.8457885990134268,0.8128280883167586,70.47761473093851
azure_http,2026100207,dap_guard45,0.8764277612176528,0.7900102877944551,68.49124416799896
azure_http,2026100207,immediate,0.8144240154053126,0.7546888601651323,162.65138107195526
azure_http,2026100207,mpc_4,0.8764277612176528,0.5702735498166662,165.11327812148375
azure_http,2026100208,dap,0.9213864570305521,0.6595369968605631,83.9550400250373
azure_http,2026100208,dap_guard45,0.925291610301437,0.6951938538502769,64.40452479297528
azure_http,2026100208,immediate,0.85858495622655,0.5799790704203782,132.30824318699888
azure_http,2026100208,mpc_4,0.8638556369483652,0.6410066617320503,145.64024589445035
azure_http,2026100209,dap,0.9209712002339068,0.7487695531406852,66.68573889801337
azure_http,2026100209,dap_guard45,0.90919058525413,0.6909629160372301,70.8159535690138
azure_http,2026100209,immediate,0.8301617854880367,0.7498781735782857,151.388433931068
azure_http,2026100209,mpc_4,0.8548681838117052,0.6874055845231715,164.07091759194736
azure_http,2026100210,dap,0.9063678696158324,0.7235273573923167,74.63674318698759
azure_http,2026100210,dap_guard45,0.8813504074505238,0.7564027939464494,71.62448940445756
azure_http,2026100210,immediate,0.8114435389988359,0.8422933643771828,151.3610914289966
azure_http,2026100210,mpc_4,0.8276251455180442,0.7649592549476134,155.30649009694753
gentd_inference,2026100201,dap,0.9993757802746567,0.0006242197253433209,0.0
gentd_inference,2026100201,dap_guard45,1.0,0.0,0.0
gentd_inference,2026100201,immediate,1.0,0.0,0.0
gentd_inference,2026100201,mpc_4,1.0,0.0,0.0
gentd_inference,2026100202,dap,0.9995034756703078,0.0004965243296921549,8.831287926997902
gentd_inference,2026100202,dap_guard45,1.0,0.0,9.028184968999994
gentd_inference,2026100202,immediate,1.0,0.0,0.0
gentd_inference,2026100202,mpc_4,1.0,0.0,0.0
gentd_inference,2026100203,dap,0.9931752873563218,0.1760057471264368,23.16337206098251
gentd_inference,2026100203,dap_guard45,1.0,0.16594827586206898,21.884521609012154
gentd_inference,2026100203,immediate,0.9953304597701149,0.16307471264367818,9.938287421500718
gentd_inference,2026100203,mpc_4,0.959051724137931,0.2776580459770115,18.90742703597789
gentd_inference,2026100204,dap,1.0,0.0,25.692872841493227
gentd_inference,2026100204,dap_guard45,0.9997175141242938,0.0002824858757062147,25.77708521099703
gentd_inference,2026100204,immediate,0.9991525423728813,0.000847457627118644,3.5858059390011476
gentd_inference,2026100204,mpc_4,1.0,0.0,3.1565742539969506
gentd_inference,2026100205,dap,0.9695278969957082,0.3375536480686695,54.132702980481554
gentd_inference,2026100205,dap_guard45,0.9703862660944206,0.346137339055794,49.74943817100575
gentd_inference,2026100205,immediate,0.8682403433476396,0.5931330472103005,48.68352358098491
gentd_inference,2026100205,mpc_4,0.8564377682403433,0.5766094420600858,44.18905600699509
gentd_inference,2026100206,dap,0.9643119041799071,0.3882913713028599,136.9211579224866
gentd_inference,2026100206,dap_guard45,0.9569787338059155,0.5691762405279883,118.99611825947068
gentd_inference,2026100206,immediate,0.8356147641163529,0.584698117819604,103.22726983851317
gentd_inference,2026100206,mpc_4,0.8612808604253239,0.5096553409924224,105.29794355048216
gentd_inference,2026100207,dap,0.9288920811635841,0.33022086550547675,185.41325064854027
gentd_inference,2026100207,dap_guard45,0.924672293050817,0.45277428622732985,144.07353922051698
gentd_inference,2026100207,immediate,0.8931585562937692,0.5566528999820435,138.15393475645396
gentd_inference,2026100207,mpc_4,0.8730472257137727,0.5114921889028551,127.77991884356015
gentd_inference,2026100208,dap,0.9003180569611102,0.45583345380945495,182.3688054524755
gentd_inference,2026100208,dap_guard45,0.837212664449906,0.6651004770854416,131.95353217051888
gentd_inference,2026100208,immediate,0.8257192424461473,0.5308659823622958,152.42049951297668
gentd_inference,2026100208,mpc_4,0.8725603585369379,0.5623825357814081,156.96411969550536
gentd_inference,2026100209,dap,0.8429618063896229,0.5621546961325967,185.79586965500494
gentd_inference,2026100209,dap_guard45,0.8159980783089118,0.7454359836656257,142.45007234598597
gentd_inference,2026100209,immediate,0.728561133797742,0.6742733605572904,179.45569404907292
gentd_inference,2026100209,mpc_4,0.812695171751141,0.6026903675234205,177.24130181401415
gentd_inference,2026100210,dap,0.7721747865394275,0.5510296333500753,185.53464164298202
gentd_inference,2026100210,dap_guard45,0.768709191361125,0.6974886991461577,145.94290025150985
gentd_inference,2026100210,immediate,0.758965344048217,0.620190858864892,187.90920364694466
gentd_inference,2026100210,mpc_4,0.7756906077348067,0.6109492717227524,187.1322462794924
