profile,comparator,metric,n_pairs,dap_mean,comparator_mean,difference_dap_minus_comparator,ci_low,ci_high,p_exact,cohens_dz,positive,ties,negative,p_holm
azure_http,immediate,completion_rate,10,0.9298392679686958,0.8621775380895438,0.06766172987915184,0.056216806731091695,0.07880772548253612,0.001953125,3.511344469171943,10,0,0,0.03515625
azure_http,immediate,failure_or_slo_rate,10,0.6110057948851659,0.5327046646850828,0.07830113020008304,-0.010473778556788575,0.16867349835760087,0.140625,0.5121024875893626,7,0,3,0.5625
azure_http,immediate,ready_replica_seconds,10,61.97955481444296,135.9292774950718,-73.94972268062884,-85.50929086229954,-62.96226058186876,0.001953125,-3.8325824928453245,0,0,10,0.03515625
azure_http,mpc_4,completion_rate,10,0.9298392679686958,0.8855536614236957,0.044285606544999814,0.021909771329362393,0.062276428411644914,0.005859375,1.2871730668117882,9,0,1,0.087890625
azure_http,mpc_4,failure_or_slo_rate,10,0.6110057948851659,0.4796189790702371,0.13138681581492884,0.026175839411749172,0.24739956512514652,0.0390625,0.6952847500780676,8,0,2,0.2734375
azure_http,mpc_4,ready_replica_seconds,10,61.97955481444296,133.12518424336486,-71.1456294289219,-85.8617936224613,-56.68051012305801,0.001953125,-2.8557958687861014,0,0,10,0.03515625
azure_http,dap_guard45,completion_rate,10,0.9298392679686958,0.9289987859399785,0.00084048202871696,-0.011544886638716759,0.014747518830621397,0.90625,0.03748861179030586,4,0,6,1.0
azure_http,dap_guard45,failure_or_slo_rate,10,0.6110057948851659,0.6061891185379518,0.004816676347214099,-0.0598286682751509,0.06289396611555145,0.859375,0.04558309689035248,6,0,4,1.0
azure_http,dap_guard45,ready_replica_seconds,10,61.97955481444296,56.876377942949695,5.10317687149327,0.6450461543670009,9.794653747802219,0.068359375,0.6509800655097737,8,0,2,0.341796875
gentd_inference,immediate,completion_rate,10,0.9370241075530645,0.8904742386192865,0.046549868933778216,0.01687056837763697,0.07932191223202881,0.025390625,0.8786106938550288,7,0,3,0.25390625
gentd_inference,immediate,failure_or_slo_rate,10,0.28022101593506055,0.3723736437067223,-0.09215262777166175,-0.15316406956850703,-0.03509299077958807,0.025390625,-0.9046019248155359,3,0,7,0.25390625
gentd_inference,immediate,ready_replica_seconds,10,98.78539611314446,82.33742187454482,16.447974238599635,7.419776656067798,26.391569651479404,0.0078125,1.0120025297884632,8,1,1,0.109375
gentd_inference,mpc_4,completion_rate,10,0.9370241075530645,0.9010763716540258,0.03594773589903897,0.012403838421392099,0.06244326509011431,0.03125,0.8404501525913342,6,1,3,0.25390625
gentd_inference,mpc_4,failure_or_slo_rate,10,0.28022101593506055,0.3651437192959956,-0.08492270336093503,-0.13499912760559032,-0.038724159464889565,0.015625,-1.0441179226285133,2,1,7,0.1875
gentd_inference,mpc_4,ready_replica_seconds,10,98.78539611314446,82.06685874800242,16.718537365142037,7.245898677793957,28.330226180492172,0.0078125,0.9233566769382912,8,1,1,0.109375
gentd_inference,dap_guard45,completion_rate,10,0.9370241075530645,0.9273674741195389,0.009656633433525663,-8.94407061503668e-05,0.02318430509604949,0.158203125,0.463387972389111,6,0,4,0.5625
gentd_inference,dap_guard45,failure_or_slo_rate,10,0.28022101593506055,0.36423437874461123,-0.08401336280955071,-0.13873238363714,-0.031097923196061653,0.044921875,-0.9132441790926515,3,0,7,0.2734375
gentd_inference,dap_guard45,ready_replica_seconds,10,98.78539611314446,78.98553922080173,19.799856892342724,7.79076549579022,32.426471758091246,0.015625,0.9255353570303589,7,1,2,0.1875
