dataset,method,episodes,zero_arrival_episodes,macro_completion,nonempty_macro,request_weighted_completion,request_weighted_drop,request_weighted_unfinished
azure2019,dap,500,0,0.9710643768585181,0.9710643768585181,0.9681856667711589,0.0,0.03181433322884105
azure2019,immediate,500,0,0.9599290533471775,0.9599290533471775,0.9561230365418228,0.0,0.0438769634581771
azure2019,mpc_4,500,0,0.961627789757071,0.961627789757071,0.9579614983694068,0.0,0.04203850163059332
azure2019,mpc_8,500,0,0.9641767344211013,0.9641767344211013,0.9606877822838399,0.0,0.03931221771616017
azure2019,pds_adp,500,0,0.9706185444320274,0.9706185444320274,0.9676952710752533,0.0,0.03230472892474681
gentd26,dap,500,20,0.885147351778714,0.9220284914361604,0.7955602346693219,0.05148661814728528,0.1529531471833926
gentd26,immediate,500,20,0.8831322263294812,0.919929402426543,0.7905179440203027,0.05391406387525332,0.15556799210444378
gentd26,mpc_4,500,20,0.8836535698138573,0.9204724685561014,0.7919666633487672,0.053318918882750685,0.1547144177684819
gentd26,mpc_8,500,20,0.884358442962088,0.9212067114188417,0.7934707945828392,0.05302017159923603,0.1535090338179246
gentd26,pds_adp,500,20,0.8844805906018885,0.9213339485436338,0.7938967151696952,0.052864414383897634,0.15323887044640694
