dataset,budget,seed,candidate_iteration,continuation_weight
azure2019,120,820,12,0.75
azure2019,120,821,0,0.25
azure2019,120,822,0,0.25
azure2019,120,823,0,1.0
azure2019,120,824,0,0.25
azure2019,120,825,16,0.25
azure2019,120,826,10,0.5
azure2019,120,827,0,0.5
azure2019,120,828,0,0.25
azure2019,120,829,-1,0.0
azure2019,144,820,-1,0.0
azure2019,144,821,-1,0.0
azure2019,144,822,-1,0.0
azure2019,144,823,0,0.25
azure2019,144,824,-1,0.0
azure2019,144,825,-1,0.0
azure2019,144,826,-1,0.0
azure2019,144,827,0,0.25
azure2019,144,828,6,0.25
azure2019,144,829,-1,0.0
azure2019,48,820,0,1.0
azure2019,48,821,10,0.25
azure2019,48,822,0,1.0
azure2019,48,823,0,1.0
azure2019,48,824,0,1.0
azure2019,48,825,0,0.75
azure2019,48,826,10,0.25
azure2019,48,827,0,1.0
azure2019,48,828,0,1.0
azure2019,48,829,8,0.75
azure2019,72,820,0,1.0
azure2019,72,821,0,1.0
azure2019,72,822,0,1.0
azure2019,72,823,0,0.75
azure2019,72,824,0,1.0
azure2019,72,825,0,0.5
azure2019,72,826,10,0.25
azure2019,72,827,0,0.75
azure2019,72,828,0,1.0
azure2019,72,829,0,1.0
azure2019,96,820,0,0.75
azure2019,96,821,0,1.0
azure2019,96,822,0,1.0
azure2019,96,823,0,1.0
azure2019,96,824,0,1.0
azure2019,96,825,0,0.5
azure2019,96,826,0,0.75
azure2019,96,827,0,0.75
azure2019,96,828,0,1.0
azure2019,96,829,0,0.25
gentd26,120,820,0,1.0
gentd26,120,821,0,0.5
gentd26,120,822,0,0.75
gentd26,120,823,-1,0.0
gentd26,120,824,-1,0.0
gentd26,120,825,0,0.5
gentd26,120,826,0,0.25
gentd26,120,827,0,0.75
gentd26,120,828,-1,0.0
gentd26,120,829,2,0.5
gentd26,144,820,0,0.25
gentd26,144,821,0,0.25
gentd26,144,822,0,0.75
gentd26,144,823,-1,0.0
gentd26,144,824,-1,0.0
gentd26,144,825,0,0.5
gentd26,144,826,0,0.25
gentd26,144,827,2,0.75
gentd26,144,828,-1,0.0
gentd26,144,829,2,0.5
gentd26,48,820,-1,0.0
gentd26,48,821,-1,0.0
gentd26,48,822,2,0.75
gentd26,48,823,2,0.75
gentd26,48,824,2,1.0
gentd26,48,825,2,0.5
gentd26,48,826,2,0.75
gentd26,48,827,-1,0.0
gentd26,48,828,-1,0.0
gentd26,48,829,2,0.75
gentd26,72,820,-1,0.0
gentd26,72,821,-1,0.0
gentd26,72,822,-1,0.0
gentd26,72,823,2,0.75
gentd26,72,824,2,0.25
gentd26,72,825,2,0.75
gentd26,72,826,2,0.75
gentd26,72,827,6,0.25
gentd26,72,828,-1,0.0
gentd26,72,829,2,0.75
gentd26,96,820,2,0.75
gentd26,96,821,0,0.5
gentd26,96,822,6,0.75
gentd26,96,823,-1,0.0
gentd26,96,824,0,1.0
gentd26,96,825,2,0.75
gentd26,96,826,2,0.75
gentd26,96,827,6,0.5
gentd26,96,828,-1,0.0
gentd26,96,829,2,1.0
