dataset,comparator,metric,n_pairs,dap_mean,comparator_mean,difference_dap_minus_comparator,ci_low,ci_high,p_exact,cohens_dz,positive,ties,negative,p_holm
azure2019,immediate,discounted_return,10,23.78314627464063,15.063706751342016,8.719439523298615,7.318995329725736,10.202230861075444,0.001953125,3.548966011380773,10,0,0,0.046875
azure2019,immediate,completion_ratio,10,0.9710643768585181,0.9599290533471774,0.011135323511340634,0.009714765627258815,0.012621319756295496,0.001953125,4.50785584866676,10,0,0,0.046875
azure2019,immediate,slo_violation_rate,10,0.1038125,0.14906250000000001,-0.04525,-0.05115624999999999,-0.03878125,0.001953125,-4.2970743464890155,0,0,10,0.046875
azure2019,immediate,total_cost,10,73.838,77.30199999999999,-3.464,-4.841999999999999,-1.962000000000002,0.005859375,-1.4208627281987711,1,0,9,0.10546875
azure2019,pds_adp,discounted_return,10,23.78314627464063,23.053009477959726,0.7301367966809025,-0.24114336526382532,1.6171925425880165,0.189453125,0.45665753354473226,9,0,1,1.0
azure2019,pds_adp,completion_ratio,10,0.9710643768585181,0.9706185444320274,0.00044583242649061107,-0.0006887224448200052,0.00144420893568419,0.44921875,0.24476219657620352,8,0,2,1.0
azure2019,pds_adp,slo_violation_rate,10,0.1038125,0.10621875,-0.00240625,-0.006281250000000004,0.001468750000000002,0.27734375,-0.3640572641255141,2,0,8,1.0
azure2019,pds_adp,total_cost,10,73.838,74.63400000000001,-0.7960000000000008,-2.096049999999999,0.507999999999997,0.236328125,-0.35802847384316033,3,0,7,1.0
azure2019,mpc_8,discounted_return,10,23.78314627464063,18.984564632490002,4.798581642150633,3.9790763936760367,5.679931851142297,0.001953125,3.3183110420125637,10,0,0,0.046875
azure2019,mpc_8,completion_ratio,10,0.9710643768585181,0.9641767344211013,0.006887642437416808,0.005921377249724957,0.007866113878737296,0.001953125,4.128136307207399,10,0,0,0.046875
azure2019,mpc_8,slo_violation_rate,10,0.1038125,0.12771875000000002,-0.023906249999999997,-0.028218749999999994,-0.019562499999999993,0.001953125,-3.2513149140534208,0,0,10,0.046875
azure2019,mpc_8,total_cost,10,73.838,77.30199999999999,-3.464,-4.829999999999998,-1.989950000000005,0.005859375,-1.4208627281987711,1,0,9,0.10546875
gentd26,immediate,discounted_return,10,-105.19490159082295,-106.98090963944794,1.7860080486249952,-0.12858369993573457,4.252217641612727,0.25,0.47927067881628377,4,1,5,1.0
gentd26,immediate,completion_ratio,10,0.885147351778714,0.8831322263294812,0.0020151254492327465,0.0007628404826595214,0.003520278976036506,0.015625,0.8528617343793967,7,3,0,0.25
gentd26,immediate,slo_violation_rate,10,0.1479375,0.14834375000000002,-0.00040625000000000524,-0.0030625000000000097,0.002187499999999995,0.8125,-0.09131461352170565,3,3,4,1.0
gentd26,immediate,total_cost,10,39.016000000000005,39.25600000000001,-0.24000000000000082,-0.7280000000000021,0.2979999999999997,0.38671875,-0.2777460299317658,2,1,7,1.0
gentd26,pds_adp,discounted_return,10,-105.19490159082295,-105.6628177030777,0.4679161122547589,-0.5838515079845168,1.6487769674198485,0.4609375,0.24461276500696857,3,1,6,1.0
gentd26,pds_adp,completion_ratio,10,0.885147351778714,0.8844805906018885,0.0006667611768254367,7.40348347422487e-05,0.0013584636883347781,0.109375,0.6092514431685739,5,3,2,1.0
gentd26,pds_adp,slo_violation_rate,10,0.1479375,0.14753124999999997,0.00040625000000000107,-0.0010312499999999987,0.001968750000000004,0.640625,0.159736824322982,3,3,4,1.0
gentd26,pds_adp,total_cost,10,39.016000000000005,39.018,-0.0019999999999997797,-0.48800000000000165,0.37800000000000045,1.0,-0.002666176925070047,5,2,3,1.0
gentd26,mpc_8,discounted_return,10,-105.19490159082295,-104.37958867710691,-0.8153129137160381,-2.5086602470632333,0.849841299307049,0.3828125,-0.2852535221399185,3,0,7,1.0
gentd26,mpc_8,completion_ratio,10,0.885147351778714,0.8843584429620879,0.0007889088166260439,-0.0002098246433860132,0.0018598450963328804,0.19140625,0.45071056064415255,5,1,4,1.0
gentd26,mpc_8,slo_violation_rate,10,0.1479375,0.14578125,0.002156250000000001,0.000499999999999999,0.004187500000000001,0.0625,0.6691709330915679,6,2,2,0.9375
gentd26,mpc_8,total_cost,10,39.016000000000005,39.089999999999996,-0.07400000000000011,-0.5680000000000005,0.4720499999999974,0.80078125,-0.08376917140947736,4,1,5,1.0
