dataset,method,episodes,mean_completion,mean_clearance,overflow_total,episodes_with_overflow,mean_final_queue,mean_fifo_p95_wait_steps,max_conservation_residual,max_overspend,mean_decision_ms,mean_mask_binding
azure2019,dap,500,0.9710643768585181,0.9006194913020745,0.0,0,12.316334882183694,2.538,2.557953848736361e-13,0.0,0.8072226416343256,0.141875
azure2019,immediate,500,0.9599290533471775,0.8716876304478004,0.0,0,16.98616066152055,3.19,2.3447910280083306e-13,0.0,0.5756930218956313,0.193125
azure2019,mpc_4,500,0.961627789757071,0.8766525720152668,0.0,0,16.274433925845752,3.078,2.2026824808563106e-13,0.0,37.4835805130565,0.18996875
azure2019,mpc_8,500,0.9641767344211013,0.8834787506066212,0.0,0,15.219003172903568,2.942,2.3447910280083306e-13,0.0,144.8816110211651,0.17759375
azure2019,pds_adp,500,0.9706185444320276,0.895971607443999,0.0,0,12.50618257039743,2.576,2.842170943040401e-13,0.0,0.7508744410110921,0.1416875
gentd26,dap,500,0.885147351778714,0.25557835516123073,13831.217753694973,51,82.1777914701902,5.484,1.0231815394945445e-12,0.0,0.9506131761324923,0.11178125
gentd26,immediate,500,0.8831322263294812,0.2585864542840118,14483.319827145544,53,83.58268038294582,5.466,9.663381206337365e-13,0.0,0.7102321404956911,0.11434375
gentd26,mpc_4,500,0.8836535698138573,0.2631045656384867,14323.441779556993,53,83.12407684927106,5.558,1.2505552149377765e-12,0.0,48.70733440615141,0.113
gentd26,mpc_8,500,0.8843584429620879,0.263715963117603,14243.187164274328,53,82.47645505949748,5.538,1.3073986337985845e-12,0.0,189.04057871789428,0.10765625
gentd26,pds_adp,500,0.8844805906018884,0.2564643736290292,14201.344991694808,52,82.3313032295659,5.482,1.0800249583553525e-12,0.0,0.8526775371935855,0.112125
